Compiler , , Test , , Package (J) , , CPU (J) , , GPU (J) , , DRAM (J) , , VMPEAK (KB) , , Time (ms) , 
 compiler , hermes-gengc , testcase , loop , package , 125.056304931640625000, core , 75.137451171875000000, gpu ,  0 , dram ,  18.216995239257812500, VMPEAK ,    8236 , time , 3459 
compiler , hermes-gengc , testcase , loop , package , 121.997756958007812500, core , 76.823730468750000000, gpu ,  0 , dram ,  16.524032592773437500, VMPEAK ,    8236 , time , 3131 
compiler , hermes-gengc , testcase , loop , package , 122.011352539062500000, core , 76.820602416992187500, gpu ,  0 , dram ,  16.283706665039062500, VMPEAK ,    8236 , time , 3130 
compiler , hermes-gengc , testcase , loop , package , 121.268203735351562500, core , 76.418823242187500000, gpu ,  0 , dram ,  16.102905273437500000, VMPEAK ,    8236 , time , 3107 
compiler , hermes-gengc , testcase , loop , package , 123.272827148437500000, core , 77.746688842773437500, gpu ,  0 , dram ,  16.322433471679687500, VMPEAK ,    8236 , time , 3152 
compiler , hermes-gengc , testcase , loop , package , 121.904251098632812500, core , 76.858398437500000000, gpu ,  0 , dram ,  16.259994506835937500, VMPEAK ,    8236 , time , 3119 
compiler , hermes-gengc , testcase , loop , package , 121.572647094726562500, core , 76.698364257812500000, gpu ,  0 , dram ,  16.194061279296875000, VMPEAK ,    8236 , time , 3108 
compiler , hermes-gengc , testcase , loop , package , 122.654113769531250000, core , 77.424880981445312500, gpu ,  0 , dram ,  16.355819702148437500, VMPEAK ,    8236 , time , 3131 
compiler , hermes-gengc , testcase , loop , package , 123.667526245117187500, core , 78.088836669921875000, gpu ,  0 , dram ,  16.322998046875000000, VMPEAK ,    8236 , time , 3153 
compiler , hermes-gengc , testcase , loop , package , 122.374008178710937500, core , 77.273727416992187500, gpu ,  0 , dram ,  15.986389160156250000, VMPEAK ,    8236 , time , 3117 
