Compiler , , Test , , Package (J) , , CPU (J) , , GPU (J) , , DRAM (J) , , VMPEAK (KB) , , Time (ms) , 
 compiler , qjs , testcase , loop , package , 8.077972412109375000, core , 5.080825805664062500, gpu ,  0 , dram ,  1.069137573242187500, VMPEAK ,    8236 , time , 207 
compiler , qjs , testcase , loop , package , 8.091583251953125000, core , 5.069015502929687500, gpu ,  0 , dram ,  1.085494995117187500, VMPEAK ,    8236 , time , 210 
compiler , qjs , testcase , loop , package , 7.987655639648437500, core , 4.806335449218750000, gpu ,  0 , dram ,  1.179107666015625000, VMPEAK ,    8236 , time , 220 
compiler , qjs , testcase , loop , package , 7.983917236328125000, core , 4.823745727539062500, gpu ,  0 , dram ,  1.157836914062500000, VMPEAK ,    8236 , time , 221 
compiler , qjs , testcase , loop , package , 8.041625976562500000, core , 5.016921997070312500, gpu ,  0 , dram ,  1.089950561523437500, VMPEAK ,    8236 , time , 209 
compiler , qjs , testcase , loop , package , 8.022750854492187500, core , 5.041244506835937500, gpu ,  0 , dram ,  1.057571411132812500, VMPEAK ,    8236 , time , 207 
compiler , qjs , testcase , loop , package , 8.039703369140625000, core , 5.057754516601562500, gpu ,  0 , dram ,  1.069503784179687500, VMPEAK ,    8236 , time , 208 
compiler , qjs , testcase , loop , package , 8.156661987304687500, core , 5.130661010742187500, gpu ,  0 , dram ,  1.111465454101562500, VMPEAK ,    8236 , time , 209 
compiler , qjs , testcase , loop , package , 8.081359863281250000, core , 5.083969116210937500, gpu ,  0 , dram ,  1.081222534179687500, VMPEAK ,    8236 , time , 207 
compiler , qjs , testcase , loop , package , 8.078292846679687500, core , 5.080902099609375000, gpu ,  0 , dram ,  1.067108154296875000, VMPEAK ,    8236 , time , 207 
