Compiler , , Test , , Package (J) , , CPU (J) , , GPU (J) , , DRAM (J) , , VMPEAK (KB) , , Time (ms) , 
 compiler , js-52 , testcase , array-forEach , package , 187.734085083007812500, core , 119.724700927734375000, gpu ,  0 , dram ,  24.622177124023437500, VMPEAK ,    8236 , time , 4690 
compiler , js-52 , testcase , array-forEach , package , 185.495895385742187500, core , 119.862136840820312500, gpu ,  0 , dram ,  23.671997070312500000, VMPEAK ,    8236 , time , 4519 
compiler , js-52 , testcase , array-forEach , package , 187.908569335937500000, core , 121.500305175781250000, gpu ,  0 , dram ,  23.814559936523437500, VMPEAK ,    8236 , time , 4572 
compiler , js-52 , testcase , array-forEach , package , 188.973434448242187500, core , 122.208084106445312500, gpu ,  0 , dram ,  23.818084716796875000, VMPEAK ,    8236 , time , 4596 
compiler , js-52 , testcase , array-forEach , package , 189.362945556640625000, core , 122.465179443359375000, gpu ,  0 , dram ,  23.824554443359375000, VMPEAK ,    8236 , time , 4603 
compiler , js-52 , testcase , array-forEach , package , 189.222717285156250000, core , 122.274475097656250000, gpu ,  0 , dram ,  23.799285888671875000, VMPEAK ,    8236 , time , 4606 
compiler , js-52 , testcase , array-forEach , package , 189.537979125976562500, core , 122.514129638671875000, gpu ,  0 , dram ,  23.683898925781250000, VMPEAK ,    8236 , time , 4608 
compiler , js-52 , testcase , array-forEach , package , 188.164611816406250000, core , 121.721176147460937500, gpu ,  0 , dram ,  23.544601440429687500, VMPEAK ,    8236 , time , 4568 
compiler , js-52 , testcase , array-forEach , package , 186.586380004882812500, core , 120.686691284179687500, gpu ,  0 , dram ,  23.224700927734375000, VMPEAK ,    8236 , time , 4529 
compiler , js-52 , testcase , array-forEach , package , 186.869552612304687500, core , 121.008499145507812500, gpu ,  0 , dram ,  23.367904663085937500, VMPEAK ,    8236 , time , 4526 
