Compiler , , Test , , Package (J) , , CPU (J) , , GPU (J) , , DRAM (J) , , VMPEAK (KB) , , Time (ms) , 
 compiler , hermes-gengc , testcase , iter-double-linked-list , package , 11400.320327758789062500, core , 8635.456100463867187500, gpu ,  0 , dram ,  2118.367462158203125000, VMPEAK ,    8292 , time , 242104 
compiler , hermes-gengc , testcase , iter-double-linked-list , package , 11409.915924072265625000, core , 8646.244323730468750000, gpu ,  0 , dram ,  2115.228652954101562500, VMPEAK ,    8292 , time , 241795 
compiler , hermes-gengc , testcase , iter-double-linked-list , package , 11450.949768066406250000, core , 8674.561996459960937500, gpu ,  0 , dram ,  2125.165084838867187500, VMPEAK ,    8292 , time , 242865 
compiler , hermes-gengc , testcase , iter-double-linked-list , package , -54125.582382202148437500, core , 8646.578384399414062500, gpu ,  0 , dram ,  2115.962936401367187500, VMPEAK ,    8292 , time , 241870 
compiler , hermes-gengc , testcase , iter-double-linked-list , package , 11412.566268920898437500, core , -56886.943496704101562500, gpu ,  0 , dram ,  2116.107635498046875000, VMPEAK ,    8292 , time , 241862 
compiler , hermes-gengc , testcase , iter-double-linked-list , package , 11403.141418457031250000, core , 8639.308212280273437500, gpu ,  0 , dram ,  2117.054748535156250000, VMPEAK ,    8292 , time , 241910 
compiler , hermes-gengc , testcase , iter-double-linked-list , package , 11416.248016357421875000, core , 8652.812225341796875000, gpu ,  0 , dram ,  2115.410949707031250000, VMPEAK ,    8292 , time , 241833 
compiler , hermes-gengc , testcase , iter-double-linked-list , package , 11461.198654174804687500, core , 8688.126113891601562500, gpu ,  0 , dram ,  2124.043624877929687500, VMPEAK ,    8292 , time , 242748 
compiler , hermes-gengc , testcase , iter-double-linked-list , package , 11449.360580444335937500, core , 8678.215667724609375000, gpu ,  0 , dram ,  2121.993072509765625000, VMPEAK ,    8292 , time , 242578 
compiler , hermes-gengc , testcase , iter-double-linked-list , package , -54103.192855834960937500, core , 8664.562820434570312500, gpu ,  0 , dram ,  2118.756454467773437500, VMPEAK ,    8292 , time , 242254 
