Compiler , , Test , , Package (J) , , CPU (J) , , GPU (J) , , DRAM (J) , , VMPEAK (KB) , , Time (ms) , 
 compiler , qjs , testcase , array-forEach , package , 35.878662109375000000, core , 27.050079345703125000, gpu ,  0 , dram ,  6.786773681640625000, VMPEAK ,    8292 , time , 777 
compiler , qjs , testcase , array-forEach , package , 35.942779541015625000, core , 27.180099487304687500, gpu ,  0 , dram ,  6.716140747070312500, VMPEAK ,    8292 , time , 771 
compiler , qjs , testcase , array-forEach , package , 36.535308837890625000, core , 27.626144409179687500, gpu ,  0 , dram ,  6.847000122070312500, VMPEAK ,    8292 , time , 782 
compiler , qjs , testcase , array-forEach , package , 37.882125854492187500, core , 28.630981445312500000, gpu ,  0 , dram ,  7.078781127929687500, VMPEAK ,    8292 , time , 814 
compiler , qjs , testcase , array-forEach , package , 36.030899047851562500, core , 27.247055053710937500, gpu ,  0 , dram ,  6.733703613281250000, VMPEAK ,    8292 , time , 772 
compiler , qjs , testcase , array-forEach , package , 36.007934570312500000, core , 27.235015869140625000, gpu ,  0 , dram ,  6.742309570312500000, VMPEAK ,    8292 , time , 772 
compiler , qjs , testcase , array-forEach , package , 36.064514160156250000, core , 27.280395507812500000, gpu ,  0 , dram ,  6.750808715820312500, VMPEAK ,    8292 , time , 772 
compiler , qjs , testcase , array-forEach , package , 35.939392089843750000, core , 27.189865112304687500, gpu ,  0 , dram ,  6.689880371093750000, VMPEAK ,    8292 , time , 768 
compiler , qjs , testcase , array-forEach , package , 35.878723144531250000, core , 27.140777587890625000, gpu ,  0 , dram ,  6.741775512695312500, VMPEAK ,    8292 , time , 769 
compiler , qjs , testcase , array-forEach , package , 37.590133666992187500, core , 28.418106079101562500, gpu ,  0 , dram ,  7.061630249023437500, VMPEAK ,    8292 , time , 807 
