Compiler , , Test , , Package (J) , , CPU (J) , , GPU (J) , , DRAM (J) , , VMPEAK (KB) , , Time (ms) , 
 compiler , espruino , testcase , iter-double-linked-list , package , 3018.688125610351562500, core , 1934.589202880859375000, gpu ,  0 , dram ,  388.089981079101562500, VMPEAK ,    8236 , time , 74604 
compiler , espruino , testcase , iter-double-linked-list , package , 3002.930480957031250000, core , 1938.802780151367187500, gpu ,  0 , dram ,  380.438461303710937500, VMPEAK ,    8236 , time , 73002 
compiler , espruino , testcase , iter-double-linked-list , package , -62520.353973388671875000, core , 1948.646057128906250000, gpu ,  0 , dram ,  379.932693481445312500, VMPEAK ,    8236 , time , 73008 
compiler , espruino , testcase , iter-double-linked-list , package , 3027.025344848632812500, core , 1956.500564575195312500, gpu ,  0 , dram ,  380.139877319335937500, VMPEAK ,    8236 , time , 73150 
compiler , espruino , testcase , iter-double-linked-list , package , 3034.579208374023437500, core , 1960.944793701171875000, gpu ,  0 , dram ,  380.287948608398437500, VMPEAK ,    8236 , time , 73351 
compiler , espruino , testcase , iter-double-linked-list , package , 3022.072235107421875000, core , 1953.188125610351562500, gpu ,  0 , dram ,  387.063400268554687500, VMPEAK ,    8236 , time , 73002 
compiler , espruino , testcase , iter-double-linked-list , package , 3024.482528686523437500, core , 1954.065353393554687500, gpu ,  0 , dram ,  387.201477050781250000, VMPEAK ,    8236 , time , 73057 
compiler , espruino , testcase , iter-double-linked-list , package , 3034.879104614257812500, core , -63573.449752807617187500, gpu ,  0 , dram ,  388.806976318359375000, VMPEAK ,    8236 , time , 73202 
compiler , espruino , testcase , iter-double-linked-list , package , 3090.048095703125000000, core , 1998.034210205078125000, gpu ,  0 , dram ,  398.614227294921875000, VMPEAK ,    8236 , time , 74606 
compiler , espruino , testcase , iter-double-linked-list , package , 3030.007888793945312500, core , 1958.397277832031250000, gpu ,  0 , dram ,  390.445419311523437500, VMPEAK ,    8236 , time , 73202 
