Compiler , , Test , , Package (J) , , CPU (J) , , GPU (J) , , DRAM (J) , , VMPEAK (KB) , , Time (ms) , 
 compiler , qjs , testcase , iter-double-linked-list , package , 111.873443603515625000, core , 68.019653320312500000, gpu ,  0 , dram ,  15.794143676757812500, VMPEAK ,    8236 , time , 3030 
compiler , qjs , testcase , iter-double-linked-list , package , 115.731399536132812500, core , 74.137664794921875000, gpu ,  0 , dram ,  14.708023071289062500, VMPEAK ,    8236 , time , 2869 
compiler , qjs , testcase , iter-double-linked-list , package , 111.327255249023437500, core , 71.438919067382812500, gpu ,  0 , dram ,  14.086944580078125000, VMPEAK ,    8236 , time , 2752 
compiler , qjs , testcase , iter-double-linked-list , package , 110.771270751953125000, core , 71.191619873046875000, gpu ,  0 , dram ,  13.935165405273437500, VMPEAK ,    8236 , time , 2728 
compiler , qjs , testcase , iter-double-linked-list , package , 110.048843383789062500, core , 70.772064208984375000, gpu ,  0 , dram ,  13.780364990234375000, VMPEAK ,    8236 , time , 2708 
compiler , qjs , testcase , iter-double-linked-list , package , 115.483489990234375000, core , 74.156799316406250000, gpu ,  0 , dram ,  14.534439086914062500, VMPEAK ,    8236 , time , 2848 
compiler , qjs , testcase , iter-double-linked-list , package , 110.895065307617187500, core , 71.305480957031250000, gpu ,  0 , dram ,  13.948425292968750000, VMPEAK ,    8236 , time , 2729 
compiler , qjs , testcase , iter-double-linked-list , package , 110.100265502929687500, core , 70.825088500976562500, gpu ,  0 , dram ,  13.890777587890625000, VMPEAK ,    8236 , time , 2707 
compiler , qjs , testcase , iter-double-linked-list , package , 116.126876831054687500, core , 74.505401611328125000, gpu ,  0 , dram ,  14.636062622070312500, VMPEAK ,    8236 , time , 2867 
compiler , qjs , testcase , iter-double-linked-list , package , 110.495285034179687500, core , 71.087631225585937500, gpu ,  0 , dram ,  13.853225708007812500, VMPEAK ,    8236 , time , 2714 
