Compiler , , Test , , Package (J) , , CPU (J) , , GPU (J) , , DRAM (J) , , VMPEAK (KB) , , Time (ms) , 
 compiler , js-24 , testcase , array-forEach , package , 6.442199707031250000, core , 4.766067504882812500, gpu ,  0 , dram ,  1.287246704101562500, VMPEAK ,    8292 , time , 148 
compiler , js-24 , testcase , array-forEach , package , 6.423019409179687500, core , 4.824859619140625000, gpu ,  0 , dram ,  1.204696655273437500, VMPEAK ,    8292 , time , 142 
compiler , js-24 , testcase , array-forEach , package , 6.477798461914062500, core , 4.867019653320312500, gpu ,  0 , dram ,  1.241439819335937500, VMPEAK ,    8292 , time , 141 
compiler , js-24 , testcase , array-forEach , package , 6.482574462890625000, core , 4.871841430664062500, gpu ,  0 , dram ,  1.248962402343750000, VMPEAK ,    8292 , time , 140 
compiler , js-24 , testcase , array-forEach , package , 6.435485839843750000, core , 4.835479736328125000, gpu ,  0 , dram ,  1.213775634765625000, VMPEAK ,    8292 , time , 140 
compiler , js-24 , testcase , array-forEach , package , 6.480270385742187500, core , 4.868774414062500000, gpu ,  0 , dram ,  1.205841064453125000, VMPEAK ,    8292 , time , 141 
compiler , js-24 , testcase , array-forEach , package , 6.480590820312500000, core , 4.869201660156250000, gpu ,  0 , dram ,  1.223327636718750000, VMPEAK ,    8292 , time , 140 
compiler , js-24 , testcase , array-forEach , package , 6.434661865234375000, core , 4.834838867187500000, gpu ,  0 , dram ,  1.231582641601562500, VMPEAK ,    8292 , time , 140 
compiler , js-24 , testcase , array-forEach , package , 6.483703613281250000, core , 4.872558593750000000, gpu ,  0 , dram ,  1.238891601562500000, VMPEAK ,    8292 , time , 141 
compiler , js-24 , testcase , array-forEach , package , 6.437271118164062500, core , 4.837738037109375000, gpu ,  0 , dram ,  1.203430175781250000, VMPEAK ,    8292 , time , 140 
