Compiler , , Test , , Package (J) , , CPU (J) , , GPU (J) , , DRAM (J) , , VMPEAK (KB) , , Time (ms) , 
 compiler , js , testcase , array-forEach , package , 14.549758911132812500, core , 10.885070800781250000, gpu ,  0 , dram ,  2.835418701171875000, VMPEAK ,    8292 , time , 321 
compiler , js , testcase , array-forEach , package , 14.741775512695312500, core , 11.096145629882812500, gpu ,  0 , dram ,  2.807327270507812500, VMPEAK ,    8292 , time , 319 
compiler , js , testcase , array-forEach , package , 15.877975463867187500, core , 11.956054687500000000, gpu ,  0 , dram ,  3.011840820312500000, VMPEAK ,    8292 , time , 343 
compiler , js , testcase , array-forEach , package , 15.692703247070312500, core , 11.814712524414062500, gpu ,  0 , dram ,  2.988998413085937500, VMPEAK ,    8292 , time , 339 
compiler , js , testcase , array-forEach , package , 13.925476074218750000, core , 10.484024047851562500, gpu ,  0 , dram ,  2.638854980468750000, VMPEAK ,    8292 , time , 301 
compiler , js , testcase , array-forEach , package , 14.468673706054687500, core , 10.903472900390625000, gpu ,  0 , dram ,  2.754730224609375000, VMPEAK ,    8292 , time , 312 
compiler , js , testcase , array-forEach , package , 13.621948242187500000, core , 10.262283325195312500, gpu ,  0 , dram ,  2.614257812500000000, VMPEAK ,    8292 , time , 295 
compiler , js , testcase , array-forEach , package , 14.119735717773437500, core , 10.634582519531250000, gpu ,  0 , dram ,  2.687423706054687500, VMPEAK ,    8292 , time , 304 
compiler , js , testcase , array-forEach , package , 15.136138916015625000, core , 11.398742675781250000, gpu ,  0 , dram ,  2.892486572265625000, VMPEAK ,    8292 , time , 327 
compiler , js , testcase , array-forEach , package , 13.975585937500000000, core , 10.524612426757812500, gpu ,  0 , dram ,  2.662689208984375000, VMPEAK ,    8292 , time , 302 
