Compiler , , Test , , Package (J) , , CPU (J) , , GPU (J) , , DRAM (J) , , VMPEAK (KB) , , Time (ms) , 
 compiler , hermes-gengc , testcase , array-forEach , package , 2833.633499145507812500, core , 2150.694793701171875000, gpu ,  0 , dram ,  523.559753417968750000, VMPEAK ,    8292 , time , 59887 
compiler , hermes-gengc , testcase , array-forEach , package , 2836.328140258789062500, core , 2154.516357421875000000, gpu ,  0 , dram ,  519.857818603515625000, VMPEAK ,    8292 , time , 59686 
compiler , hermes-gengc , testcase , array-forEach , package , 2852.004119873046875000, core , 2167.768173217773437500, gpu ,  0 , dram ,  519.993591308593750000, VMPEAK ,    8292 , time , 59889 
compiler , hermes-gengc , testcase , array-forEach , package , 2818.501464843750000000, core , 2142.219680786132812500, gpu ,  0 , dram ,  -65019.957031250000000000, VMPEAK ,    8292 , time , 59171 
compiler , hermes-gengc , testcase , array-forEach , package , 2821.231964111328125000, core , 2144.487670898437500000, gpu ,  0 , dram ,  513.142074584960937500, VMPEAK ,    8292 , time , 59228 
compiler , hermes-gengc , testcase , array-forEach , package , 2815.499816894531250000, core , 2140.376159667968750000, gpu ,  0 , dram ,  513.720108032226562500, VMPEAK ,    8292 , time , 59111 
compiler , hermes-gengc , testcase , array-forEach , package , 2818.569686889648437500, core , 2142.508987426757812500, gpu ,  0 , dram ,  517.567749023437500000, VMPEAK ,    8292 , time , 59169 
compiler , hermes-gengc , testcase , array-forEach , package , 2825.302124023437500000, core , 2147.996704101562500000, gpu ,  0 , dram ,  517.894714355468750000, VMPEAK ,    8292 , time , 59256 
compiler , hermes-gengc , testcase , array-forEach , package , 2835.143325805664062500, core , 2154.709106445312500000, gpu ,  0 , dram ,  519.734619140625000000, VMPEAK ,    8292 , time , 59526 
compiler , hermes-gengc , testcase , array-forEach , package , 2840.310165405273437500, core , 2158.637329101562500000, gpu ,  0 , dram ,  520.230484008789062500, VMPEAK ,    8292 , time , 59607 
