Compiler , , Test , , Package (J) , , CPU (J) , , GPU (J) , , DRAM (J) , , VMPEAK (KB) , , Time (ms) , 
 compiler , js-24 , testcase , array-forEach , package , 166.335479736328125000, core , 125.796020507812500000, gpu ,  0 , dram ,  31.168899536132812500, VMPEAK ,    8292 , time , 3564 
compiler , js-24 , testcase , array-forEach , package , 162.576538085937500000, core , 123.129623413085937500, gpu ,  0 , dram ,  30.329315185546875000, VMPEAK ,    8292 , time , 3467 
compiler , js-24 , testcase , array-forEach , package , 182.334182739257812500, core , 137.845321655273437500, gpu ,  0 , dram ,  34.239791870117187500, VMPEAK ,    8292 , time , 3912 
compiler , js-24 , testcase , array-forEach , package , 146.500259399414062500, core , 111.064361572265625000, gpu ,  0 , dram ,  27.205673217773437500, VMPEAK ,    8292 , time , 3115 
compiler , js-24 , testcase , array-forEach , package , 175.150543212890625000, core , 132.563949584960937500, gpu ,  0 , dram ,  32.566711425781250000, VMPEAK ,    8292 , time , 3743 
compiler , js-24 , testcase , array-forEach , package , 172.511596679687500000, core , 130.567108154296875000, gpu ,  0 , dram ,  32.231857299804687500, VMPEAK ,    8292 , time , 3686 
compiler , js-24 , testcase , array-forEach , package , 167.291046142578125000, core , 126.653305053710937500, gpu ,  0 , dram ,  31.249130249023437500, VMPEAK ,    8292 , time , 3569 
compiler , js-24 , testcase , array-forEach , package , 174.619720458984375000, core , 132.186691284179687500, gpu ,  0 , dram ,  32.627685546875000000, VMPEAK ,    8292 , time , 3728 
compiler , js-24 , testcase , array-forEach , package , 172.887496948242187500, core , 130.898635864257812500, gpu ,  0 , dram ,  32.309143066406250000, VMPEAK ,    8292 , time , 3690 
compiler , js-24 , testcase , array-forEach , package , 163.123901367187500000, core , 123.647598266601562500, gpu ,  0 , dram ,  30.280227661132812500, VMPEAK ,    8292 , time , 3465 
