Compiler , , Test , , Package (J) , , CPU (J) , , GPU (J) , , DRAM (J) , , VMPEAK (KB) , , Time (ms) , 
 compiler , jerry-512k , testcase , array-forEach , package , 96.926345825195312500, core , 72.964080810546875000, gpu ,  0 , dram ,  18.485626220703125000, VMPEAK ,    8292 , time , 2106 
compiler , jerry-512k , testcase , array-forEach , package , 96.868637084960937500, core , 73.024612426757812500, gpu ,  0 , dram ,  18.309890747070312500, VMPEAK ,    8292 , time , 2096 
compiler , jerry-512k , testcase , array-forEach , package , 97.322036743164062500, core , 73.396804809570312500, gpu ,  0 , dram ,  18.327102661132812500, VMPEAK ,    8292 , time , 2103 
compiler , jerry-512k , testcase , array-forEach , package , 97.134918212890625000, core , 73.266937255859375000, gpu ,  0 , dram ,  18.380477905273437500, VMPEAK ,    8292 , time , 2097 
compiler , jerry-512k , testcase , array-forEach , package , 97.450164794921875000, core , 73.503509521484375000, gpu ,  0 , dram ,  18.442031860351562500, VMPEAK ,    8292 , time , 2104 
compiler , jerry-512k , testcase , array-forEach , package , 97.303695678710937500, core , 73.414184570312500000, gpu ,  0 , dram ,  18.380050659179687500, VMPEAK ,    8292 , time , 2100 
compiler , jerry-512k , testcase , array-forEach , package , 97.324417114257812500, core , 73.449188232421875000, gpu ,  0 , dram ,  18.291809082031250000, VMPEAK ,    8292 , time , 2098 
compiler , jerry-512k , testcase , array-forEach , package , 97.240829467773437500, core , 73.388290405273437500, gpu ,  0 , dram ,  18.280181884765625000, VMPEAK ,    8292 , time , 2096 
compiler , jerry-512k , testcase , array-forEach , package , 97.737411499023437500, core , 73.759353637695312500, gpu ,  0 , dram ,  18.442855834960937500, VMPEAK ,    8292 , time , 2108 
compiler , jerry-512k , testcase , array-forEach , package , 97.269378662109375000, core , 73.410827636718750000, gpu ,  0 , dram ,  18.311141967773437500, VMPEAK ,    8292 , time , 2096 
