Compiler , , Test , , Package (J) , , CPU (J) , , GPU (J) , , DRAM (J) , , VMPEAK (KB) , , Time (ms) , 
 compiler , js-24 , testcase , array-forEach , package , 159.184783935546875000, core , 100.572998046875000000, gpu ,  0 , dram ,  21.078369140625000000, VMPEAK ,    8236 , time , 4030 
compiler , js-24 , testcase , array-forEach , package , 166.578247070312500000, core , 106.360839843750000000, gpu ,  0 , dram ,  21.490051269531250000, VMPEAK ,    8236 , time , 4138 
compiler , js-24 , testcase , array-forEach , package , 156.029113769531250000, core , 99.978057861328125000, gpu ,  0 , dram ,  20.084609985351562500, VMPEAK ,    8236 , time , 3855 
compiler , js-24 , testcase , array-forEach , package , 156.583053588867187500, core , 100.439285278320312500, gpu ,  0 , dram ,  20.182174682617187500, VMPEAK ,    8236 , time , 3863 
compiler , js-24 , testcase , array-forEach , package , 156.836288452148437500, core , 100.622131347656250000, gpu ,  0 , dram ,  20.049682617187500000, VMPEAK ,    8236 , time , 3869 
compiler , js-24 , testcase , array-forEach , package , 165.281982421875000000, core , 105.757247924804687500, gpu ,  0 , dram ,  21.402542114257812500, VMPEAK ,    8236 , time , 4098 
compiler , js-24 , testcase , array-forEach , package , 168.976318359375000000, core , 108.193313598632812500, gpu ,  0 , dram ,  21.952346801757812500, VMPEAK ,    8236 , time , 4183 
compiler , js-24 , testcase , array-forEach , package , 170.516586303710937500, core , 109.330932617187500000, gpu ,  0 , dram ,  22.265747070312500000, VMPEAK ,    8236 , time , 4213 
compiler , js-24 , testcase , array-forEach , package , 166.371398925781250000, core , 106.683883666992187500, gpu ,  0 , dram ,  21.770965576171875000, VMPEAK ,    8236 , time , 4107 
compiler , js-24 , testcase , array-forEach , package , 157.600738525390625000, core , 101.228042602539062500, gpu ,  0 , dram ,  20.458999633789062500, VMPEAK ,    8236 , time , 3878 
