Compiler , , Test , , Package (J) , , CPU (J) , , GPU (J) , , DRAM (J) , , VMPEAK (KB) , , Time (ms) , 
 compiler , qjs , testcase , array-forEach , package , 37.944671630859375000, core , 20.445755004882812500, gpu ,  0 , dram ,  6.399627685546875000, VMPEAK ,    8236 , time , 1213 
compiler , qjs , testcase , array-forEach , package , 35.922180175781250000, core , 22.855041503906250000, gpu ,  0 , dram ,  4.710128784179687500, VMPEAK ,    8236 , time , 903 
compiler , qjs , testcase , array-forEach , package , 35.600341796875000000, core , 22.680816650390625000, gpu ,  0 , dram ,  4.644546508789062500, VMPEAK ,    8236 , time , 893 
compiler , qjs , testcase , array-forEach , package , 35.602264404296875000, core , 22.683334350585937500, gpu ,  0 , dram ,  4.683944702148437500, VMPEAK ,    8236 , time , 893 
compiler , qjs , testcase , array-forEach , package , 35.546844482421875000, core , 22.640075683593750000, gpu ,  0 , dram ,  4.637161254882812500, VMPEAK ,    8236 , time , 892 
compiler , qjs , testcase , array-forEach , package , 35.510787963867187500, core , 22.626861572265625000, gpu ,  0 , dram ,  4.661163330078125000, VMPEAK ,    8236 , time , 890 
compiler , qjs , testcase , array-forEach , package , 35.532348632812500000, core , 22.647583007812500000, gpu ,  0 , dram ,  4.617385864257812500, VMPEAK ,    8236 , time , 890 
compiler , qjs , testcase , array-forEach , package , 35.618972778320312500, core , 22.703948974609375000, gpu ,  0 , dram ,  4.612075805664062500, VMPEAK ,    8236 , time , 892 
compiler , qjs , testcase , array-forEach , package , 36.251541137695312500, core , 23.089202880859375000, gpu ,  0 , dram ,  4.743484497070312500, VMPEAK ,    8236 , time , 908 
compiler , qjs , testcase , array-forEach , package , 36.363601684570312500, core , 23.158721923828125000, gpu ,  0 , dram ,  4.658203125000000000, VMPEAK ,    8236 , time , 913 
