Compiler , , Test , , Package (J) , , CPU (J) , , GPU (J) , , DRAM (J) , , VMPEAK (KB) , , Time (ms) , 
 compiler , jerry-512k , testcase , array-forEach , package , 97.802810668945312500, core , 58.527557373046875000, gpu ,  0 , dram ,  14.048095703125000000, VMPEAK ,    8236 , time , 2700 
compiler , jerry-512k , testcase , array-forEach , package , 95.270721435546875000, core , 60.796020507812500000, gpu ,  0 , dram ,  12.300643920898437500, VMPEAK ,    8236 , time , 2368 
compiler , jerry-512k , testcase , array-forEach , package , 95.725891113281250000, core , 61.135589599609375000, gpu ,  0 , dram ,  12.369384765625000000, VMPEAK ,    8236 , time , 2375 
compiler , jerry-512k , testcase , array-forEach , package , 95.441680908203125000, core , 60.914398193359375000, gpu ,  0 , dram ,  12.303588867187500000, VMPEAK ,    8236 , time , 2370 
compiler , jerry-512k , testcase , array-forEach , package , 95.533493041992187500, core , 60.969421386718750000, gpu ,  0 , dram ,  12.277359008789062500, VMPEAK ,    8236 , time , 2373 
compiler , jerry-512k , testcase , array-forEach , package , 95.409378051757812500, core , 60.896606445312500000, gpu ,  0 , dram ,  12.197586059570312500, VMPEAK ,    8236 , time , 2369 
compiler , jerry-512k , testcase , array-forEach , package , 95.543792724609375000, core , 61.011291503906250000, gpu ,  0 , dram ,  12.334884643554687500, VMPEAK ,    8236 , time , 2372 
compiler , jerry-512k , testcase , array-forEach , package , 95.507614135742187500, core , 60.975311279296875000, gpu ,  0 , dram ,  12.345123291015625000, VMPEAK ,    8236 , time , 2371 
compiler , jerry-512k , testcase , array-forEach , package , 95.320953369140625000, core , 60.859909057617187500, gpu ,  0 , dram ,  12.362808227539062500, VMPEAK ,    8236 , time , 2369 
compiler , jerry-512k , testcase , array-forEach , package , 95.439849853515625000, core , 60.925872802734375000, gpu ,  0 , dram ,  12.440948486328125000, VMPEAK ,    8236 , time , 2371 
