Compiler , , Test , , Package (J) , , CPU (J) , , GPU (J) , , DRAM (J) , , VMPEAK (KB) , , Time (ms) , 
 compiler , js , testcase , array-forEach , package , 14.606185913085937500, core , 6.353927612304687500, gpu ,  0 , dram ,  3.419174194335937500, VMPEAK ,    8236 , time , 566 
compiler , js , testcase , array-forEach , package , 13.775604248046875000, core , 8.005401611328125000, gpu ,  0 , dram ,  2.426757812500000000, VMPEAK ,    8236 , time , 396 
compiler , js , testcase , array-forEach , package , 14.593917846679687500, core , 9.318542480468750000, gpu ,  0 , dram ,  2.218505859375000000, VMPEAK ,    8236 , time , 362 
compiler , js , testcase , array-forEach , package , 12.369293212890625000, core , 7.908660888671875000, gpu ,  0 , dram ,  1.893310546875000000, VMPEAK ,    8236 , time , 305 
compiler , js , testcase , array-forEach , package , 13.904541015625000000, core , 8.888244628906250000, gpu ,  0 , dram ,  2.104690551757812500, VMPEAK ,    8236 , time , 343 
compiler , js , testcase , array-forEach , package , 14.130752563476562500, core , 9.038528442382812500, gpu ,  0 , dram ,  2.153991699218750000, VMPEAK ,    8236 , time , 349 
compiler , js , testcase , array-forEach , package , 14.977554321289062500, core , 9.576736450195312500, gpu ,  0 , dram ,  2.293762207031250000, VMPEAK ,    8236 , time , 369 
compiler , js , testcase , array-forEach , package , 13.635314941406250000, core , 8.719024658203125000, gpu ,  0 , dram ,  2.057861328125000000, VMPEAK ,    8236 , time , 336 
compiler , js , testcase , array-forEach , package , 14.774536132812500000, core , 9.449676513671875000, gpu ,  0 , dram ,  2.246520996093750000, VMPEAK ,    8236 , time , 365 
compiler , js , testcase , array-forEach , package , 13.658248901367187500, core , 8.741058349609375000, gpu ,  0 , dram ,  2.080413818359375000, VMPEAK ,    8236 , time , 336 
