Compiler , , Test , , Package (J) , , CPU (J) , , GPU (J) , , DRAM (J) , , VMPEAK (KB) , , Time (ms) , 
 compiler , jerry-6m , testcase , array-forloop , package , 3.196380615234375000, core , 1.921691894531250000, gpu ,  0 , dram ,  0.463912963867187500, VMPEAK ,    8236 , time , 88 
compiler , jerry-6m , testcase , array-forloop , package , 3.131225585937500000, core , 1.972717285156250000, gpu ,  0 , dram ,  0.424331665039062500, VMPEAK ,    8236 , time , 79 
compiler , jerry-6m , testcase , array-forloop , package , 3.131103515625000000, core , 1.972869873046875000, gpu ,  0 , dram ,  0.434051513671875000, VMPEAK ,    8236 , time , 80 
compiler , jerry-6m , testcase , array-forloop , package , 3.084640502929687500, core , 1.942230224609375000, gpu ,  0 , dram ,  0.411102294921875000, VMPEAK ,    8236 , time , 79 
compiler , jerry-6m , testcase , array-forloop , package , 3.096023559570312500, core , 1.953369140625000000, gpu ,  0 , dram ,  0.411697387695312500, VMPEAK ,    8236 , time , 79 
compiler , jerry-6m , testcase , array-forloop , package , 3.084365844726562500, core , 1.941894531250000000, gpu ,  0 , dram ,  0.417434692382812500, VMPEAK ,    8236 , time , 78 
compiler , jerry-6m , testcase , array-forloop , package , 3.086700439453125000, core , 1.944351196289062500, gpu ,  0 , dram ,  0.414825439453125000, VMPEAK ,    8236 , time , 79 
compiler , jerry-6m , testcase , array-forloop , package , 3.090240478515625000, core , 1.946670532226562500, gpu ,  0 , dram ,  0.413742065429687500, VMPEAK ,    8236 , time , 79 
compiler , jerry-6m , testcase , array-forloop , package , 3.089248657226562500, core , 1.945739746093750000, gpu ,  0 , dram ,  0.411132812500000000, VMPEAK ,    8236 , time , 78 
compiler , jerry-6m , testcase , array-forloop , package , 3.165847778320312500, core , 1.993301391601562500, gpu ,  0 , dram ,  0.427551269531250000, VMPEAK ,    8236 , time , 81 
