Compiler , , Test , , Package (J) , , CPU (J) , , GPU (J) , , DRAM (J) , , VMPEAK (KB) , , Time (ms) , 
 compiler , espruino , testcase , loop , package , 2125.290954589843750000, core , 1612.368835449218750000, gpu ,  0 , dram ,  393.532440185546875000, VMPEAK ,    8292 , time , 45021 
compiler , espruino , testcase , loop , package , 2120.734741210937500000, core , 1610.458709716796875000, gpu ,  0 , dram ,  391.272323608398437500, VMPEAK ,    8292 , time , 44715 
compiler , espruino , testcase , loop , package , -63405.621185302734375000, core , 1618.717300415039062500, gpu ,  0 , dram ,  391.693542480468750000, VMPEAK ,    8292 , time , 44821 
compiler , espruino , testcase , loop , package , 2128.108047485351562500, core , 1616.804077148437500000, gpu ,  0 , dram ,  391.509490966796875000, VMPEAK ,    8292 , time , 44766 
compiler , espruino , testcase , loop , package , 2128.622207641601562500, core , 1617.268112182617187500, gpu ,  0 , dram ,  391.896286010742187500, VMPEAK ,    8292 , time , 44769 
compiler , espruino , testcase , loop , package , 2145.264968872070312500, core , 1630.439620971679687500, gpu ,  0 , dram ,  394.740417480468750000, VMPEAK ,    8292 , time , 45071 
compiler , espruino , testcase , loop , package , 2133.931411743164062500, core , 1621.231765747070312500, gpu ,  0 , dram ,  392.741210937500000000, VMPEAK ,    8292 , time , 44869 
compiler , espruino , testcase , loop , package , 2133.573577880859375000, core , 1620.767852783203125000, gpu ,  0 , dram ,  392.716812133789062500, VMPEAK ,    8292 , time , 44872 
compiler , espruino , testcase , loop , package , 2141.010711669921875000, core , 1626.983337402343750000, gpu ,  0 , dram ,  393.424148559570312500, VMPEAK ,    8292 , time , 44976 
compiler , espruino , testcase , loop , package , 2134.942855834960937500, core , 1622.487075805664062500, gpu ,  0 , dram ,  392.252532958984375000, VMPEAK ,    8292 , time , 44822 
