Compiler , , Test , , Package (J) , , CPU (J) , , GPU (J) , , DRAM (J) , , VMPEAK (KB) , , Time (ms) , 
 compiler , qjs , testcase , loop , package , 8.490859985351562500, core , 6.319213867187500000, gpu ,  0 , dram ,  1.672485351562500000, VMPEAK ,    8292 , time , 191 
compiler , qjs , testcase , loop , package , 8.388076782226562500, core , 6.307510375976562500, gpu ,  0 , dram ,  1.619506835937500000, VMPEAK ,    8292 , time , 183 
compiler , qjs , testcase , loop , package , 8.388275146484375000, core , 6.305358886718750000, gpu ,  0 , dram ,  1.610519409179687500, VMPEAK ,    8292 , time , 183 
compiler , qjs , testcase , loop , package , 8.396438598632812500, core , 6.313766479492187500, gpu ,  0 , dram ,  1.619522094726562500, VMPEAK ,    8292 , time , 183 
compiler , qjs , testcase , loop , package , 8.389572143554687500, core , 6.306884765625000000, gpu ,  0 , dram ,  1.566375732421875000, VMPEAK ,    8292 , time , 183 
compiler , qjs , testcase , loop , package , 8.391632080078125000, core , 6.308746337890625000, gpu ,  0 , dram ,  1.566253662109375000, VMPEAK ,    8292 , time , 184 
compiler , qjs , testcase , loop , package , 8.438262939453125000, core , 6.344116210937500000, gpu ,  0 , dram ,  1.601776123046875000, VMPEAK ,    8292 , time , 183 
compiler , qjs , testcase , loop , package , 8.394851684570312500, core , 6.311889648437500000, gpu ,  0 , dram ,  1.592956542968750000, VMPEAK ,    8292 , time , 184 
compiler , qjs , testcase , loop , package , 8.400604248046875000, core , 6.317184448242187500, gpu ,  0 , dram ,  1.610641479492187500, VMPEAK ,    8292 , time , 183 
compiler , qjs , testcase , loop , package , 8.446823120117187500, core , 6.350234985351562500, gpu ,  0 , dram ,  1.619384765625000000, VMPEAK ,    8292 , time , 183 
