Compiler , , Test , , Package (J) , , CPU (J) , , GPU (J) , , DRAM (J) , , VMPEAK (KB) , , Time (ms) , 
 compiler , mujs , testcase , iter-linked-list , package , 221.879455566406250000, core , 138.109359741210937500, gpu ,  0 , dram ,  29.396530151367187500, VMPEAK ,    8236 , time , 5753 
compiler , mujs , testcase , iter-linked-list , package , 204.974365234375000000, core , 131.471694946289062500, gpu ,  0 , dram ,  25.878082275390625000, VMPEAK ,    8236 , time , 5040 
compiler , mujs , testcase , iter-linked-list , package , 209.157821655273437500, core , 134.053726196289062500, gpu ,  0 , dram ,  26.293533325195312500, VMPEAK ,    8236 , time , 5152 
compiler , mujs , testcase , iter-linked-list , package , 204.927032470703125000, core , 131.483428955078125000, gpu ,  0 , dram ,  25.855682373046875000, VMPEAK ,    8236 , time , 5036 
compiler , mujs , testcase , iter-linked-list , package , 207.126556396484375000, core , 132.886123657226562500, gpu ,  0 , dram ,  26.057937622070312500, VMPEAK ,    8236 , time , 5092 
compiler , mujs , testcase , iter-linked-list , package , 215.711257934570312500, core , 138.281555175781250000, gpu ,  0 , dram ,  27.337585449218750000, VMPEAK ,    8236 , time , 5308 
compiler , mujs , testcase , iter-linked-list , package , 207.328628540039062500, core , 133.112457275390625000, gpu ,  0 , dram ,  26.001815795898437500, VMPEAK ,    8236 , time , 5089 
compiler , mujs , testcase , iter-linked-list , package , 205.818038940429687500, core , 132.147796630859375000, gpu ,  0 , dram ,  25.929565429687500000, VMPEAK ,    8236 , time , 5052 
compiler , mujs , testcase , iter-linked-list , package , 221.758026123046875000, core , 142.098373413085937500, gpu ,  0 , dram ,  28.257629394531250000, VMPEAK ,    8236 , time , 5464 
compiler , mujs , testcase , iter-linked-list , package , 204.385269165039062500, core , 131.309829711914062500, gpu ,  0 , dram ,  25.898620605468750000, VMPEAK ,    8236 , time , 5011 
