Compiler , , Test , , Package (J) , , CPU (J) , , GPU (J) , , DRAM (J) , , VMPEAK (KB) , , Time (ms) , 
 compiler , hermes-gengc , testcase , iter-linked-list , package , -53959.867752075195312500, core , -58086.076873779296875000, gpu ,  0 , dram ,  1480.069335937500000000, VMPEAK ,    8236 , time , 283020 
compiler , hermes-gengc , testcase , iter-linked-list , package , 11682.879394531250000000, core , 7536.587860107421875000, gpu ,  0 , dram ,  1497.723846435546875000, VMPEAK ,    8236 , time , 282877 
compiler , hermes-gengc , testcase , iter-linked-list , package , 11714.128250122070312500, core , 7558.601425170898437500, gpu ,  0 , dram ,  -64037.122848510742187500, VMPEAK ,    8236 , time , 283410 
compiler , hermes-gengc , testcase , iter-linked-list , package , 11690.978347778320312500, core , 7545.664566040039062500, gpu ,  0 , dram ,  1532.261138916015625000, VMPEAK ,    8236 , time , 282754 
compiler , hermes-gengc , testcase , iter-linked-list , package , 11692.759933471679687500, core , 7546.880279541015625000, gpu ,  0 , dram ,  1529.298736572265625000, VMPEAK ,    8236 , time , 282746 
compiler , hermes-gengc , testcase , iter-linked-list , package , 11730.536804199218750000, core , 7570.899688720703125000, gpu ,  0 , dram ,  1529.100616455078125000, VMPEAK ,    8236 , time , 283610 
compiler , hermes-gengc , testcase , iter-linked-list , package , -53842.930603027343750000, core , 7545.959899902343750000, gpu ,  0 , dram ,  1516.594192504882812500, VMPEAK ,    8236 , time , 282739 
compiler , hermes-gengc , testcase , iter-linked-list , package , 11750.391693115234375000, core , 7581.661361694335937500, gpu ,  0 , dram ,  1531.261199951171875000, VMPEAK ,    8236 , time , 284094 
compiler , hermes-gengc , testcase , iter-linked-list , package , 11695.341293334960937500, core , 7543.471588134765625000, gpu ,  0 , dram ,  1523.157913208007812500, VMPEAK ,    8236 , time , 282866 
compiler , hermes-gengc , testcase , iter-linked-list , package , 11718.416488647460937500, core , -57977.837402343750000000, gpu ,  0 , dram ,  1520.642669677734375000, VMPEAK ,    8236 , time , 283469 
