Compiler , , Test , , Package (J) , , CPU (J) , , GPU (J) , , DRAM (J) , , VMPEAK (KB) , , Time (ms) , 
 compiler , js , testcase , iter-linked-list , package , 50.647323608398437500, core , 28.321533203125000000, gpu ,  0 , dram ,  10.943237304687500000, VMPEAK ,    8236 , time , 1535 
compiler , js , testcase , iter-linked-list , package , 47.430984497070312500, core , 29.948226928710937500, gpu ,  0 , dram ,  8.937057495117187500, VMPEAK ,    8236 , time , 1198 
compiler , js , testcase , iter-linked-list , package , 45.663116455078125000, core , 28.865890502929687500, gpu ,  0 , dram ,  8.572540283203125000, VMPEAK ,    8236 , time , 1151 
compiler , js , testcase , iter-linked-list , package , 46.105361938476562500, core , 29.138351440429687500, gpu ,  0 , dram ,  8.662124633789062500, VMPEAK ,    8236 , time , 1160 
compiler , js , testcase , iter-linked-list , package , 45.849075317382812500, core , 28.992233276367187500, gpu ,  0 , dram ,  8.577316284179687500, VMPEAK ,    8236 , time , 1153 
compiler , js , testcase , iter-linked-list , package , 46.980438232421875000, core , 29.698348999023437500, gpu ,  0 , dram ,  8.795516967773437500, VMPEAK ,    8236 , time , 1181 
compiler , js , testcase , iter-linked-list , package , 46.077911376953125000, core , 29.140686035156250000, gpu ,  0 , dram ,  8.633422851562500000, VMPEAK ,    8236 , time , 1158 
compiler , js , testcase , iter-linked-list , package , 46.849578857421875000, core , 29.620040893554687500, gpu ,  0 , dram ,  8.789367675781250000, VMPEAK ,    8236 , time , 1178 
compiler , js , testcase , iter-linked-list , package , 48.126068115234375000, core , 30.431076049804687500, gpu ,  0 , dram ,  9.067382812500000000, VMPEAK ,    8236 , time , 1210 
compiler , js , testcase , iter-linked-list , package , 46.241073608398437500, core , 29.256820678710937500, gpu ,  0 , dram ,  8.711166381835937500, VMPEAK ,    8236 , time , 1161 
