Compiler , , Test , , Package (J) , , CPU (J) , , GPU (J) , , DRAM (J) , , VMPEAK (KB) , , Time (ms) , 
 compiler , espruino , testcase , iter-double-linked-list , package , 2967.741806030273437500, core , 2249.446838378906250000, gpu ,  0 , dram ,  551.780090332031250000, VMPEAK ,    8292 , time , 63088 
compiler , espruino , testcase , iter-double-linked-list , package , 2984.088287353515625000, core , 2263.704147338867187500, gpu ,  0 , dram ,  552.142517089843750000, VMPEAK ,    8292 , time , 63142 
compiler , espruino , testcase , iter-double-linked-list , package , 2996.514801025390625000, core , 2274.452423095703125000, gpu ,  0 , dram ,  552.876876831054687500, VMPEAK ,    8292 , time , 63240 
compiler , espruino , testcase , iter-double-linked-list , package , -62526.425155639648437500, core , 2283.796722412109375000, gpu ,  0 , dram ,  556.149627685546875000, VMPEAK ,    8292 , time , 63548 
compiler , espruino , testcase , iter-double-linked-list , package , 2999.873046875000000000, core , 2278.046325683593750000, gpu ,  0 , dram ,  552.301055908203125000, VMPEAK ,    8292 , time , 63189 
compiler , espruino , testcase , iter-double-linked-list , package , 2999.775390625000000000, core , 2277.426986694335937500, gpu ,  0 , dram ,  553.393249511718750000, VMPEAK ,    8292 , time , 63238 
compiler , espruino , testcase , iter-double-linked-list , package , 3018.188339233398437500, core , 2291.911651611328125000, gpu ,  0 , dram ,  556.515411376953125000, VMPEAK ,    8292 , time , 63586 
compiler , espruino , testcase , iter-double-linked-list , package , 3007.073959350585937500, core , 2283.679412841796875000, gpu ,  0 , dram ,  554.188705444335937500, VMPEAK ,    8292 , time , 63339 
compiler , espruino , testcase , iter-double-linked-list , package , 3001.844467163085937500, core , 2279.963714599609375000, gpu ,  0 , dram ,  552.996002197265625000, VMPEAK ,    8292 , time , 63189 
compiler , espruino , testcase , iter-double-linked-list , package , 2996.324127197265625000, core , 2275.587753295898437500, gpu ,  0 , dram ,  551.940872192382812500, VMPEAK ,    8292 , time , 63088 
