Compiler , , Test , , Package (J) , , CPU (J) , , GPU (J) , , DRAM (J) , , VMPEAK (KB) , , Time (ms) , 
 compiler , jerry-512k , testcase , array-forloop , package , 2.395462036132812500, core , 1.439743041992187500, gpu ,  0 , dram ,  0.345718383789062500, VMPEAK ,    8236 , time , 66 
compiler , jerry-512k , testcase , array-forloop , package , 2.384429931640625000, core , 1.500839233398437500, gpu ,  0 , dram ,  0.317535400390625000, VMPEAK ,    8236 , time , 61 
compiler , jerry-512k , testcase , array-forloop , package , 2.523788452148437500, core , 1.582427978515625000, gpu ,  0 , dram ,  0.340866088867187500, VMPEAK ,    8236 , time , 65 
compiler , jerry-512k , testcase , array-forloop , package , 3.501739501953125000, core , 0.936889648437500000, gpu ,  0 , dram ,  0.935333251953125000, VMPEAK ,    8236 , time , 177 
compiler , jerry-512k , testcase , array-forloop , package , 3.400497436523437500, core , 0.909301757812500000, gpu ,  0 , dram ,  0.926528930664062500, VMPEAK ,    8236 , time , 172 
compiler , jerry-512k , testcase , array-forloop , package , 3.197128295898437500, core , 0.952301025390625000, gpu ,  0 , dram ,  0.805206298828125000, VMPEAK ,    8236 , time , 155 
compiler , jerry-512k , testcase , array-forloop , package , 2.454406738281250000, core , 1.541900634765625000, gpu ,  0 , dram ,  0.328430175781250000, VMPEAK ,    8236 , time , 63 
compiler , jerry-512k , testcase , array-forloop , package , 2.380020141601562500, core , 1.497467041015625000, gpu ,  0 , dram ,  0.317489624023437500, VMPEAK ,    8236 , time , 60 
compiler , jerry-512k , testcase , array-forloop , package , 2.489257812500000000, core , 1.563888549804687500, gpu ,  0 , dram ,  0.330871582031250000, VMPEAK ,    8236 , time , 64 
compiler , jerry-512k , testcase , array-forloop , package , 2.488250732421875000, core , 1.562667846679687500, gpu ,  0 , dram ,  0.331024169921875000, VMPEAK ,    8236 , time , 64 
