Compiler , , Test , , Package (J) , , CPU (J) , , GPU (J) , , DRAM (J) , , VMPEAK (KB) , , Time (ms) , 
 compiler , qjs , testcase , array-forloop , package , 0.976501464843750000, core , 0.658676147460937500, gpu ,  0 , dram ,  0.247756958007812500, VMPEAK ,    8292 , time , 27 
compiler , qjs , testcase , array-forloop , package , 0.884750366210937500, core , 0.669006347656250000, gpu ,  0 , dram ,  0.168151855468750000, VMPEAK ,    8292 , time , 19 
compiler , qjs , testcase , array-forloop , package , 0.886367797851562500, core , 0.670440673828125000, gpu ,  0 , dram ,  0.176986694335937500, VMPEAK ,    8292 , time , 19 
compiler , qjs , testcase , array-forloop , package , 0.931915283203125000, core , 0.704925537109375000, gpu ,  0 , dram ,  0.177001953125000000, VMPEAK ,    8292 , time , 20 
compiler , qjs , testcase , array-forloop , package , 0.932861328125000000, core , 0.705673217773437500, gpu ,  0 , dram ,  0.177001953125000000, VMPEAK ,    8292 , time , 19 
compiler , qjs , testcase , array-forloop , package , 0.933990478515625000, core , 0.706649780273437500, gpu ,  0 , dram ,  0.176986694335937500, VMPEAK ,    8292 , time , 19 
compiler , qjs , testcase , array-forloop , package , 0.886291503906250000, core , 0.670455932617187500, gpu ,  0 , dram ,  0.168136596679687500, VMPEAK ,    8292 , time , 19 
compiler , qjs , testcase , array-forloop , package , 0.885421752929687500, core , 0.669631958007812500, gpu ,  0 , dram ,  0.177001953125000000, VMPEAK ,    8292 , time , 19 
compiler , qjs , testcase , array-forloop , package , 0.934799194335937500, core , 0.707580566406250000, gpu ,  0 , dram ,  0.168136596679687500, VMPEAK ,    8292 , time , 19 
compiler , qjs , testcase , array-forloop , package , 0.933258056640625000, core , 0.705947875976562500, gpu ,  0 , dram ,  0.176986694335937500, VMPEAK ,    8292 , time , 19 
