Compiler , , Test , , Package (J) , , CPU (J) , , GPU (J) , , DRAM (J) , , VMPEAK (KB) , , Time (ms) , 
 compiler , jerry-512k , testcase , array-forloop , package , 2.434570312500000000, core , 1.764694213867187500, gpu ,  0 , dram ,  0.522079467773437500, VMPEAK ,    8292 , time , 59 
compiler , jerry-512k , testcase , array-forloop , package , 2.601150512695312500, core , 1.965164184570312500, gpu ,  0 , dram ,  0.468963623046875000, VMPEAK ,    8292 , time , 55 
compiler , jerry-512k , testcase , array-forloop , package , 2.423980712890625000, core , 1.833160400390625000, gpu ,  0 , dram ,  0.451309204101562500, VMPEAK ,    8292 , time , 53 
compiler , jerry-512k , testcase , array-forloop , package , 2.468750000000000000, core , 1.866363525390625000, gpu ,  0 , dram ,  0.460174560546875000, VMPEAK ,    8292 , time , 53 
compiler , jerry-512k , testcase , array-forloop , package , 2.735794067382812500, core , 2.065261840820312500, gpu ,  0 , dram ,  0.521972656250000000, VMPEAK ,    8292 , time , 58 
compiler , jerry-512k , testcase , array-forloop , package , 2.420898437500000000, core , 1.829727172851562500, gpu ,  0 , dram ,  0.460159301757812500, VMPEAK ,    8292 , time , 52 
compiler , jerry-512k , testcase , array-forloop , package , 2.645080566406250000, core , 1.997161865234375000, gpu ,  0 , dram ,  0.504364013671875000, VMPEAK ,    8292 , time , 56 
compiler , jerry-512k , testcase , array-forloop , package , 2.507583618164062500, core , 1.893600463867187500, gpu ,  0 , dram ,  0.477874755859375000, VMPEAK ,    8292 , time , 54 
compiler , jerry-512k , testcase , array-forloop , package , 2.726394653320312500, core , 2.055435180664062500, gpu ,  0 , dram ,  0.522094726562500000, VMPEAK ,    8292 , time , 58 
compiler , jerry-512k , testcase , array-forloop , package , 2.411788940429687500, core , 1.820022583007812500, gpu ,  0 , dram ,  0.442276000976562500, VMPEAK ,    8292 , time , 52 
