Compiler , , Test , , Package (J) , , CPU (J) , , GPU (J) , , DRAM (J) , , VMPEAK (KB) , , Time (ms) , 
 compiler , hermes-gengc , testcase , array-forloop , package , 39.077148437500000000, core , 21.220626831054687500, gpu ,  0 , dram ,  6.387496948242187500, VMPEAK ,    8236 , time , 1236 
compiler , hermes-gengc , testcase , array-forloop , package , 36.273147583007812500, core , 23.149002075195312500, gpu ,  0 , dram ,  4.701370239257812500, VMPEAK ,    8236 , time , 908 
compiler , hermes-gengc , testcase , array-forloop , package , 36.397003173828125000, core , 23.252670288085937500, gpu ,  0 , dram ,  4.664657592773437500, VMPEAK ,    8236 , time , 910 
compiler , hermes-gengc , testcase , array-forloop , package , 36.467285156250000000, core , 23.306045532226562500, gpu ,  0 , dram ,  4.666687011718750000, VMPEAK ,    8236 , time , 911 
compiler , hermes-gengc , testcase , array-forloop , package , 36.504257202148437500, core , 23.330825805664062500, gpu ,  0 , dram ,  4.659439086914062500, VMPEAK ,    8236 , time , 912 
compiler , hermes-gengc , testcase , array-forloop , package , 36.499496459960937500, core , 23.332168579101562500, gpu ,  0 , dram ,  4.751907348632812500, VMPEAK ,    8236 , time , 911 
compiler , hermes-gengc , testcase , array-forloop , package , 36.513031005859375000, core , 23.343978881835937500, gpu ,  0 , dram ,  4.703338623046875000, VMPEAK ,    8236 , time , 910 
compiler , hermes-gengc , testcase , array-forloop , package , 36.556808471679687500, core , 23.369842529296875000, gpu ,  0 , dram ,  4.684036254882812500, VMPEAK ,    8236 , time , 912 
compiler , hermes-gengc , testcase , array-forloop , package , 36.455154418945312500, core , 23.308441162109375000, gpu ,  0 , dram ,  4.704650878906250000, VMPEAK ,    8236 , time , 908 
compiler , hermes-gengc , testcase , array-forloop , package , 36.489929199218750000, core , 23.326034545898437500, gpu ,  0 , dram ,  4.662292480468750000, VMPEAK ,    8236 , time , 910 
