Compiler , , Test , , Package (J) , , CPU (J) , , GPU (J) , , DRAM (J) , , VMPEAK (KB) , , Time (ms) , 
 compiler , hermes-gengc , testcase , array-forloop , package , 36.821212768554687500, core , 27.955520629882812500, gpu ,  0 , dram ,  6.893753051757812500, VMPEAK ,    8292 , time , 786 
compiler , hermes-gengc , testcase , array-forloop , package , 36.708450317382812500, core , 27.880294799804687500, gpu ,  0 , dram ,  6.822418212890625000, VMPEAK ,    8292 , time , 779 
compiler , hermes-gengc , testcase , array-forloop , package , 36.812072753906250000, core , 27.958877563476562500, gpu ,  0 , dram ,  6.857513427734375000, VMPEAK ,    8292 , time , 780 
compiler , hermes-gengc , testcase , array-forloop , package , 36.615234375000000000, core , 27.796661376953125000, gpu ,  0 , dram ,  6.742630004882812500, VMPEAK ,    8292 , time , 777 
compiler , hermes-gengc , testcase , array-forloop , package , 36.536727905273437500, core , 27.727706909179687500, gpu ,  0 , dram ,  6.760559082031250000, VMPEAK ,    8292 , time , 777 
compiler , hermes-gengc , testcase , array-forloop , package , 36.587371826171875000, core , 27.766967773437500000, gpu ,  0 , dram ,  6.742935180664062500, VMPEAK ,    8292 , time , 778 
compiler , hermes-gengc , testcase , array-forloop , package , 36.687438964843750000, core , 27.841247558593750000, gpu ,  0 , dram ,  6.786880493164062500, VMPEAK ,    8292 , time , 779 
compiler , hermes-gengc , testcase , array-forloop , package , 36.719726562500000000, core , 27.858276367187500000, gpu ,  0 , dram ,  6.822082519531250000, VMPEAK ,    8292 , time , 780 
compiler , hermes-gengc , testcase , array-forloop , package , 36.563949584960937500, core , 27.754211425781250000, gpu ,  0 , dram ,  6.813751220703125000, VMPEAK ,    8292 , time , 776 
compiler , hermes-gengc , testcase , array-forloop , package , 36.426193237304687500, core , 27.638168334960937500, gpu ,  0 , dram ,  6.769378662109375000, VMPEAK ,    8292 , time , 774 
