Compiler , , Test , , Package (J) , , CPU (J) , , GPU (J) , , DRAM (J) , , VMPEAK (KB) , , Time (ms) , 
 compiler , hermes-malloc , testcase , array-forloop , package , 37.842346191406250000, core , 20.467727661132812500, gpu ,  0 , dram ,  6.356491088867187500, VMPEAK ,    8236 , time , 1202 
compiler , hermes-malloc , testcase , array-forloop , package , 34.987747192382812500, core , 22.358276367187500000, gpu ,  0 , dram ,  4.601165771484375000, VMPEAK ,    8236 , time , 875 
compiler , hermes-malloc , testcase , array-forloop , package , 35.221145629882812500, core , 22.512878417968750000, gpu ,  0 , dram ,  4.562469482421875000, VMPEAK ,    8236 , time , 879 
compiler , hermes-malloc , testcase , array-forloop , package , 35.244857788085937500, core , 22.530288696289062500, gpu ,  0 , dram ,  4.589508056640625000, VMPEAK ,    8236 , time , 879 
compiler , hermes-malloc , testcase , array-forloop , package , 35.197860717773437500, core , 22.513168334960937500, gpu ,  0 , dram ,  4.611358642578125000, VMPEAK ,    8236 , time , 878 
compiler , hermes-malloc , testcase , array-forloop , package , 35.211700439453125000, core , 22.527343750000000000, gpu ,  0 , dram ,  4.562316894531250000, VMPEAK ,    8236 , time , 878 
compiler , hermes-malloc , testcase , array-forloop , package , 35.156082153320312500, core , 22.495758056640625000, gpu ,  0 , dram ,  4.570907592773437500, VMPEAK ,    8236 , time , 877 
compiler , hermes-malloc , testcase , array-forloop , package , 35.155700683593750000, core , 22.489334106445312500, gpu ,  0 , dram ,  4.623535156250000000, VMPEAK ,    8236 , time , 876 
compiler , hermes-malloc , testcase , array-forloop , package , 35.183822631835937500, core , 22.504791259765625000, gpu ,  0 , dram ,  4.530151367187500000, VMPEAK ,    8236 , time , 876 
compiler , hermes-malloc , testcase , array-forloop , package , 35.248077392578125000, core , 22.548583984375000000, gpu ,  0 , dram ,  4.597640991210937500, VMPEAK ,    8236 , time , 878 
