Compiler , , Test , , Package (J) , , CPU (J) , , GPU (J) , , DRAM (J) , , VMPEAK (KB) , , Time (ms) , 
 compiler , js-24 , testcase , array-forloop , package , 0.482223510742187500, core , 0.289108276367187500, gpu ,  0 , dram ,  0.150405883789062500, VMPEAK ,    8292 , time , 17 
compiler , js-24 , testcase , array-forloop , package , 0.420104980468750000, core , 0.317871093750000000, gpu ,  0 , dram ,  0.079635620117187500, VMPEAK ,    8292 , time , 8 
compiler , js-24 , testcase , array-forloop , package , 0.420028686523437500, core , 0.317977905273437500, gpu ,  0 , dram ,  0.079650878906250000, VMPEAK ,    8292 , time , 8 
compiler , js-24 , testcase , array-forloop , package , 0.421096801757812500, core , 0.318771362304687500, gpu ,  0 , dram ,  0.079605102539062500, VMPEAK ,    8292 , time , 8 
compiler , js-24 , testcase , array-forloop , package , 0.421218872070312500, core , 0.319000244140625000, gpu ,  0 , dram ,  0.079650878906250000, VMPEAK ,    8292 , time , 8 
compiler , js-24 , testcase , array-forloop , package , 0.374160766601562500, core , 0.283447265625000000, gpu ,  0 , dram ,  0.070800781250000000, VMPEAK ,    8292 , time , 8 
compiler , js-24 , testcase , array-forloop , package , 0.421798706054687500, core , 0.319396972656250000, gpu ,  0 , dram ,  0.079650878906250000, VMPEAK ,    8292 , time , 8 
compiler , js-24 , testcase , array-forloop , package , 0.375579833984375000, core , 0.284622192382812500, gpu ,  0 , dram ,  0.070800781250000000, VMPEAK ,    8292 , time , 8 
compiler , js-24 , testcase , array-forloop , package , 0.420837402343750000, core , 0.318634033203125000, gpu ,  0 , dram ,  0.079635620117187500, VMPEAK ,    8292 , time , 8 
compiler , js-24 , testcase , array-forloop , package , 0.421844482421875000, core , 0.319503784179687500, gpu ,  0 , dram ,  0.079635620117187500, VMPEAK ,    8292 , time , 8 
