Compiler , , Test , , Package (J) , , CPU (J) , , GPU (J) , , DRAM (J) , , VMPEAK (KB) , , Time (ms) , 
 compiler , jerry-6m , testcase , array-forloop , package , 3.200851440429687500, core , 2.360321044921875000, gpu ,  0 , dram ,  0.654785156250000000, VMPEAK ,    8292 , time , 73 
compiler , jerry-6m , testcase , array-forloop , package , 3.177627563476562500, core , 2.404922485351562500, gpu ,  0 , dram ,  0.592895507812500000, VMPEAK ,    8292 , time , 69 
compiler , jerry-6m , testcase , array-forloop , package , 3.226348876953125000, core , 2.442169189453125000, gpu ,  0 , dram ,  0.610641479492187500, VMPEAK ,    8292 , time , 68 
compiler , jerry-6m , testcase , array-forloop , package , 3.228866577148437500, core , 2.444122314453125000, gpu ,  0 , dram ,  0.592864990234375000, VMPEAK ,    8292 , time , 69 
compiler , jerry-6m , testcase , array-forloop , package , 3.182113647460937500, core , 2.408782958984375000, gpu ,  0 , dram ,  0.592926025390625000, VMPEAK ,    8292 , time , 68 
compiler , jerry-6m , testcase , array-forloop , package , 3.222671508789062500, core , 2.438247680664062500, gpu ,  0 , dram ,  0.610595703125000000, VMPEAK ,    8292 , time , 68 
compiler , jerry-6m , testcase , array-forloop , package , 3.225158691406250000, core , 2.440109252929687500, gpu ,  0 , dram ,  0.592742919921875000, VMPEAK ,    8292 , time , 68 
compiler , jerry-6m , testcase , array-forloop , package , 3.262527465820312500, core , 2.466217041015625000, gpu ,  0 , dram ,  0.610580444335937500, VMPEAK ,    8292 , time , 69 
compiler , jerry-6m , testcase , array-forloop , package , 3.185348510742187500, core , 2.411895751953125000, gpu ,  0 , dram ,  0.601760864257812500, VMPEAK ,    8292 , time , 68 
compiler , jerry-6m , testcase , array-forloop , package , 3.316680908203125000, core , 2.508865356445312500, gpu ,  0 , dram ,  0.616989135742187500, VMPEAK ,    8292 , time , 71 
