Compiler , , Test , , Package (J) , , CPU (J) , , GPU (J) , , DRAM (J) , , VMPEAK (KB) , , Time (ms) , 
 compiler , espruino , testcase , array-forloop , package , 115.430786132812500000, core , 86.763442993164062500, gpu ,  0 , dram ,  22.007156372070312500, VMPEAK ,    8292 , time , 2522 
compiler , espruino , testcase , array-forloop , package , 115.249572753906250000, core , 86.582351684570312500, gpu ,  0 , dram ,  22.060165405273437500, VMPEAK ,    8292 , time , 2520 
compiler , espruino , testcase , array-forloop , package , 115.519042968750000000, core , 86.849487304687500000, gpu ,  0 , dram ,  22.016052246093750000, VMPEAK ,    8292 , time , 2519 
compiler , espruino , testcase , array-forloop , package , 115.512695312500000000, core , 86.798522949218750000, gpu ,  0 , dram ,  22.025115966796875000, VMPEAK ,    8292 , time , 2524 
compiler , espruino , testcase , array-forloop , package , 115.616409301757812500, core , 86.904937744140625000, gpu ,  0 , dram ,  22.042633056640625000, VMPEAK ,    8292 , time , 2523 
compiler , espruino , testcase , array-forloop , package , 115.820999145507812500, core , 87.154357910156250000, gpu ,  0 , dram ,  22.077728271484375000, VMPEAK ,    8292 , time , 2520 
compiler , espruino , testcase , array-forloop , package , 115.646072387695312500, core , 86.945617675781250000, gpu ,  0 , dram ,  22.086700439453125000, VMPEAK ,    8292 , time , 2523 
compiler , espruino , testcase , array-forloop , package , 115.937774658203125000, core , 87.273239135742187500, gpu ,  0 , dram ,  21.998107910156250000, VMPEAK ,    8292 , time , 2520 
compiler , espruino , testcase , array-forloop , package , 115.774795532226562500, core , 87.107727050781250000, gpu ,  0 , dram ,  22.066619873046875000, VMPEAK ,    8292 , time , 2520 
compiler , espruino , testcase , array-forloop , package , 115.836257934570312500, core , 87.163543701171875000, gpu ,  0 , dram ,  22.012680053710937500, VMPEAK ,    8292 , time , 2519 
