Compiler , , Test , , Package (J) , , CPU (J) , , GPU (J) , , DRAM (J) , , VMPEAK (KB) , , Time (ms) , 
 compiler , qjs , testcase , iter-linked-list , package , 119.827880859375000000, core , 90.966796875000000000, gpu ,  0 , dram ,  22.166046142578125000, VMPEAK ,    8292 , time , 2538 
compiler , qjs , testcase , iter-linked-list , package , 116.050689697265625000, core , 88.210083007812500000, gpu ,  0 , dram ,  21.404953002929687500, VMPEAK ,    8292 , time , 2447 
compiler , qjs , testcase , iter-linked-list , package , 113.767333984375000000, core , 86.556243896484375000, gpu ,  0 , dram ,  20.970626831054687500, VMPEAK ,    8292 , time , 2391 
compiler , qjs , testcase , iter-linked-list , package , 113.725555419921875000, core , 86.565811157226562500, gpu ,  0 , dram ,  20.821365356445312500, VMPEAK ,    8292 , time , 2388 
compiler , qjs , testcase , iter-linked-list , package , 126.048812866210937500, core , 95.761611938476562500, gpu ,  0 , dram ,  23.234725952148437500, VMPEAK ,    8292 , time , 2663 
compiler , qjs , testcase , iter-linked-list , package , 113.545745849609375000, core , 86.454132080078125000, gpu ,  0 , dram ,  20.833770751953125000, VMPEAK ,    8292 , time , 2382 
compiler , qjs , testcase , iter-linked-list , package , 113.575942993164062500, core , 86.474838256835937500, gpu ,  0 , dram ,  20.874572753906250000, VMPEAK ,    8292 , time , 2383 
compiler , qjs , testcase , iter-linked-list , package , 116.065017700195312500, core , 88.356628417968750000, gpu ,  0 , dram ,  21.313934326171875000, VMPEAK ,    8292 , time , 2435 
compiler , qjs , testcase , iter-linked-list , package , 150.733917236328125000, core , 114.175384521484375000, gpu ,  0 , dram ,  28.072128295898437500, VMPEAK ,    8292 , time , 3214 
compiler , qjs , testcase , iter-linked-list , package , 113.912033081054687500, core , 86.781768798828125000, gpu ,  0 , dram ,  20.905151367187500000, VMPEAK ,    8292 , time , 2385 
