Compiler , , Test , , Package (J) , , CPU (J) , , GPU (J) , , DRAM (J) , , VMPEAK (KB) , , Time (ms) , 
 compiler , mujs , testcase , iter-linked-list , package , 215.422424316406250000, core , 162.737243652343750000, gpu ,  0 , dram ,  40.601181030273437500, VMPEAK ,    8292 , time , 4636 
compiler , mujs , testcase , iter-linked-list , package , 220.646408081054687500, core , 166.689819335937500000, gpu ,  0 , dram ,  41.459121704101562500, VMPEAK ,    8292 , time , 4744 
compiler , mujs , testcase , iter-linked-list , package , 217.852920532226562500, core , 164.648742675781250000, gpu ,  0 , dram ,  40.848541259765625000, VMPEAK ,    8292 , time , 4675 
compiler , mujs , testcase , iter-linked-list , package , 219.586227416992187500, core , 165.964187622070312500, gpu ,  0 , dram ,  41.318405151367187500, VMPEAK ,    8292 , time , 4714 
compiler , mujs , testcase , iter-linked-list , package , 215.679962158203125000, core , 163.091934204101562500, gpu ,  0 , dram ,  40.458923339843750000, VMPEAK ,    8292 , time , 4623 
compiler , mujs , testcase , iter-linked-list , package , 211.530731201171875000, core , 160.040390014648437500, gpu ,  0 , dram ,  39.636474609375000000, VMPEAK ,    8292 , time , 4527 
compiler , mujs , testcase , iter-linked-list , package , 238.465560913085937500, core , 180.136718750000000000, gpu ,  0 , dram ,  44.777389526367187500, VMPEAK ,    8292 , time , 5127 
compiler , mujs , testcase , iter-linked-list , package , 211.426193237304687500, core , 160.019226074218750000, gpu ,  0 , dram ,  39.557067871093750000, VMPEAK ,    8292 , time , 4517 
compiler , mujs , testcase , iter-linked-list , package , 216.429595947265625000, core , 163.753860473632812500, gpu ,  0 , dram ,  40.441101074218750000, VMPEAK ,    8292 , time , 4628 
compiler , mujs , testcase , iter-linked-list , package , 213.124298095703125000, core , 161.352081298828125000, gpu ,  0 , dram ,  39.856979370117187500, VMPEAK ,    8292 , time , 4548 
