Compiler , , Test , , Package (J) , , CPU (J) , , GPU (J) , , DRAM (J) , , VMPEAK (KB) , , Time (ms) , 
 compiler , espruino , testcase , iter-linked-list , package , 3045.580642700195312500, core , 2307.469421386718750000, gpu ,  0 , dram ,  567.661239624023437500, VMPEAK ,    8292 , time , 64841 
compiler , espruino , testcase , iter-linked-list , package , 3058.002212524414062500, core , -63216.496032714843750000, gpu ,  0 , dram ,  566.779571533203125000, VMPEAK ,    8292 , time , 64741 
compiler , espruino , testcase , iter-linked-list , package , 3060.470916748046875000, core , 2321.242462158203125000, gpu ,  0 , dram ,  566.584686279296875000, VMPEAK ,    8292 , time , 64744 
compiler , espruino , testcase , iter-linked-list , package , 3062.832351684570312500, core , 2324.412918090820312500, gpu ,  0 , dram ,  565.880416870117187500, VMPEAK ,    8292 , time , 64644 
compiler , espruino , testcase , iter-linked-list , package , 3071.330459594726562500, core , 2329.891616821289062500, gpu ,  0 , dram ,  567.489761352539062500, VMPEAK ,    8292 , time , 64891 
compiler , espruino , testcase , iter-linked-list , package , 3071.282943725585937500, core , 2330.395767211914062500, gpu ,  0 , dram ,  566.903259277343750000, VMPEAK ,    8292 , time , 64841 
compiler , espruino , testcase , iter-linked-list , package , 3071.977096557617187500, core , 2330.581054687500000000, gpu ,  0 , dram ,  567.537826538085937500, VMPEAK ,    8292 , time , 64894 
compiler , espruino , testcase , iter-linked-list , package , -62467.671157836914062500, core , 2328.709930419921875000, gpu ,  0 , dram ,  566.362731933593750000, VMPEAK ,    8292 , time , 64738 
compiler , espruino , testcase , iter-linked-list , package , 3081.730010986328125000, core , 2338.681045532226562500, gpu ,  0 , dram ,  568.936416625976562500, VMPEAK ,    8292 , time , 65040 
compiler , espruino , testcase , iter-linked-list , package , 3075.039398193359375000, core , 2333.828659057617187500, gpu ,  0 , dram ,  567.776412963867187500, VMPEAK ,    8292 , time , 64890 
