Compiler , , Test , , Package (J) , , CPU (J) , , GPU (J) , , DRAM (J) , , VMPEAK (KB) , , Time (ms) , 
 compiler , js , testcase , iter-linked-list , package , 49.282791137695312500, core , 37.108032226562500000, gpu ,  0 , dram ,  9.988998413085937500, VMPEAK ,    8292 , time , 1049 
compiler , js , testcase , iter-linked-list , package , 50.107131958007812500, core , 37.786514282226562500, gpu ,  0 , dram ,  10.013549804687500000, VMPEAK ,    8292 , time , 1061 
compiler , js , testcase , iter-linked-list , package , 49.631469726562500000, core , 37.371765136718750000, gpu ,  0 , dram ,  9.987121582031250000, VMPEAK ,    8292 , time , 1054 
compiler , js , testcase , iter-linked-list , package , 49.128280639648437500, core , 36.969940185546875000, gpu ,  0 , dram ,  9.981643676757812500, VMPEAK ,    8292 , time , 1047 
compiler , js , testcase , iter-linked-list , package , 49.166488647460937500, core , 36.994201660156250000, gpu ,  0 , dram ,  9.929000854492187500, VMPEAK ,    8292 , time , 1046 
compiler , js , testcase , iter-linked-list , package , 49.641677856445312500, core , 37.397705078125000000, gpu ,  0 , dram ,  10.054916381835937500, VMPEAK ,    8292 , time , 1056 
compiler , js , testcase , iter-linked-list , package , 50.912048339843750000, core , 38.333801269531250000, gpu ,  0 , dram ,  10.226928710937500000, VMPEAK ,    8292 , time , 1082 
compiler , js , testcase , iter-linked-list , package , 49.347351074218750000, core , 37.127639770507812500, gpu ,  0 , dram ,  9.949554443359375000, VMPEAK ,    8292 , time , 1049 
compiler , js , testcase , iter-linked-list , package , 50.161911010742187500, core , 37.737655639648437500, gpu ,  0 , dram ,  10.220016479492187500, VMPEAK ,    8292 , time , 1067 
compiler , js , testcase , iter-linked-list , package , 50.415115356445312500, core , 37.942550659179687500, gpu ,  0 , dram ,  10.247375488281250000, VMPEAK ,    8292 , time , 1072 
