Compiler , , Test , , Package (J) , , CPU (J) , , GPU (J) , , DRAM (J) , , VMPEAK (KB) , , Time (ms) , 
 compiler , hermes-malloc , testcase , array-every , package , 133.259582519531250000, core , 100.966018676757812500, gpu ,  0 , dram ,  24.910690307617187500, VMPEAK ,    8292 , time , 2844 
compiler , hermes-malloc , testcase , array-every , package , 134.135437011718750000, core , 101.657012939453125000, gpu ,  0 , dram ,  24.911254882812500000, VMPEAK ,    8292 , time , 2858 
compiler , hermes-malloc , testcase , array-every , package , 134.549285888671875000, core , 101.976089477539062500, gpu ,  0 , dram ,  24.954528808593750000, VMPEAK ,    8292 , time , 2863 
compiler , hermes-malloc , testcase , array-every , package , 134.189514160156250000, core , 101.728530883789062500, gpu ,  0 , dram ,  24.910491943359375000, VMPEAK ,    8292 , time , 2854 
compiler , hermes-malloc , testcase , array-every , package , 135.488998413085937500, core , 102.726303100585937500, gpu ,  0 , dram ,  25.043701171875000000, VMPEAK ,    8292 , time , 2880 
compiler , hermes-malloc , testcase , array-every , package , 133.945266723632812500, core , 101.558975219726562500, gpu ,  0 , dram ,  24.893615722656250000, VMPEAK ,    8292 , time , 2848 
compiler , hermes-malloc , testcase , array-every , package , 134.703918457031250000, core , 102.145568847656250000, gpu ,  0 , dram ,  25.013732910156250000, VMPEAK ,    8292 , time , 2863 
compiler , hermes-malloc , testcase , array-every , package , 134.912979125976562500, core , 102.286560058593750000, gpu ,  0 , dram ,  25.105712890625000000, VMPEAK ,    8292 , time , 2868 
compiler , hermes-malloc , testcase , array-every , package , 133.857025146484375000, core , 101.507339477539062500, gpu ,  0 , dram ,  24.857986450195312500, VMPEAK ,    8292 , time , 2844 
compiler , hermes-malloc , testcase , array-every , package , 134.360565185546875000, core , 101.907653808593750000, gpu ,  0 , dram ,  24.844848632812500000, VMPEAK ,    8292 , time , 2854 
