Compiler , , Test , , Package (J) , , CPU (J) , , GPU (J) , , DRAM (J) , , VMPEAK (KB) , , Time (ms) , 
 compiler , js , testcase , iter-linked-list , package , 48.670028686523437500, core , 36.563461303710937500, gpu ,  0 , dram ,  9.835998535156250000, VMPEAK ,    8292 , time , 1040 
compiler , js , testcase , iter-linked-list , package , 48.405273437500000000, core , 36.422775268554687500, gpu ,  0 , dram ,  9.840103149414062500, VMPEAK ,    8292 , time , 1029 
compiler , js , testcase , iter-linked-list , package , 49.167388916015625000, core , 36.999313354492187500, gpu ,  0 , dram ,  9.952957153320312500, VMPEAK ,    8292 , time , 1044 
compiler , js , testcase , iter-linked-list , package , 49.546569824218750000, core , 37.290435791015625000, gpu ,  0 , dram ,  10.086669921875000000, VMPEAK ,    8292 , time , 1053 
compiler , js , testcase , iter-linked-list , package , 49.637191772460937500, core , 37.368240356445312500, gpu ,  0 , dram ,  10.002792358398437500, VMPEAK ,    8292 , time , 1054 
compiler , js , testcase , iter-linked-list , package , 49.957305908203125000, core , 37.606170654296875000, gpu ,  0 , dram ,  10.076004028320312500, VMPEAK ,    8292 , time , 1061 
compiler , js , testcase , iter-linked-list , package , 50.447143554687500000, core , 37.973617553710937500, gpu ,  0 , dram ,  10.149383544921875000, VMPEAK ,    8292 , time , 1072 
compiler , js , testcase , iter-linked-list , package , 50.687179565429687500, core , 38.155212402343750000, gpu ,  0 , dram ,  10.233413696289062500, VMPEAK ,    8292 , time , 1077 
compiler , js , testcase , iter-linked-list , package , 49.293975830078125000, core , 37.113983154296875000, gpu ,  0 , dram ,  9.926559448242187500, VMPEAK ,    8292 , time , 1046 
compiler , js , testcase , iter-linked-list , package , 49.041610717773437500, core , 36.920364379882812500, gpu ,  0 , dram ,  9.878631591796875000, VMPEAK ,    8292 , time , 1040 
