Compiler , , Test , , Package (J) , , CPU (J) , , GPU (J) , , DRAM (J) , , VMPEAK (KB) , , Time (ms) , 
 compiler , js , testcase , iter-linked-list , package , 45.882736206054687500, core , 28.937698364257812500, gpu ,  0 , dram ,  8.670776367187500000, VMPEAK ,    8236 , time , 1161 
compiler , js , testcase , iter-linked-list , package , 44.458129882812500000, core , 28.125671386718750000, gpu ,  0 , dram ,  8.470413208007812500, VMPEAK ,    8236 , time , 1116 
compiler , js , testcase , iter-linked-list , package , 47.573303222656250000, core , 30.070755004882812500, gpu ,  0 , dram ,  8.924072265625000000, VMPEAK ,    8236 , time , 1197 
compiler , js , testcase , iter-linked-list , package , 45.696884155273437500, core , 28.913208007812500000, gpu ,  0 , dram ,  8.631607055664062500, VMPEAK ,    8236 , time , 1146 
compiler , js , testcase , iter-linked-list , package , 46.427856445312500000, core , 29.367416381835937500, gpu ,  0 , dram ,  8.740798950195312500, VMPEAK ,    8236 , time , 1167 
compiler , js , testcase , iter-linked-list , package , 45.661209106445312500, core , 28.915527343750000000, gpu ,  0 , dram ,  8.602767944335937500, VMPEAK ,    8236 , time , 1146 
compiler , js , testcase , iter-linked-list , package , 45.944213867187500000, core , 29.085418701171875000, gpu ,  0 , dram ,  8.646347045898437500, VMPEAK ,    8236 , time , 1152 
compiler , js , testcase , iter-linked-list , package , 44.538909912109375000, core , 28.220626831054687500, gpu ,  0 , dram ,  8.437057495117187500, VMPEAK ,    8236 , time , 1114 
compiler , js , testcase , iter-linked-list , package , 44.481079101562500000, core , 28.168060302734375000, gpu ,  0 , dram ,  8.469726562500000000, VMPEAK ,    8236 , time , 1115 
compiler , js , testcase , iter-linked-list , package , 45.802841186523437500, core , 28.965606689453125000, gpu ,  0 , dram ,  8.565567016601562500, VMPEAK ,    8236 , time , 1152 
