Compiler , , Test , , Package (J) , , CPU (J) , , GPU (J) , , DRAM (J) , , VMPEAK (KB) , , Time (ms) , 
 compiler , espruino , testcase , iter-linked-list , package , 2972.012725830078125000, core , 1888.996582031250000000, gpu ,  0 , dram ,  382.367858886718750000, VMPEAK ,    8236 , time , 74904 
compiler , espruino , testcase , iter-linked-list , package , 3012.326019287109375000, core , 1927.912887573242187500, gpu ,  0 , dram ,  381.929092407226562500, VMPEAK ,    8236 , time , 74654 
compiler , espruino , testcase , iter-linked-list , package , 3062.768310546875000000, core , 1970.761230468750000000, gpu ,  0 , dram ,  389.148696899414062500, VMPEAK ,    8236 , time , 75106 
compiler , espruino , testcase , iter-linked-list , package , 3082.231231689453125000, core , 1989.948410034179687500, gpu ,  0 , dram ,  388.365524291992187500, VMPEAK ,    8236 , time , 74908 
compiler , espruino , testcase , iter-linked-list , package , 3101.696197509765625000, core , 2005.182876586914062500, gpu ,  0 , dram ,  392.424774169921875000, VMPEAK ,    8236 , time , 75004 
compiler , espruino , testcase , iter-linked-list , package , 3094.520248413085937500, core , 2001.563690185546875000, gpu ,  0 , dram ,  391.308258056640625000, VMPEAK ,    8236 , time , 74708 
compiler , espruino , testcase , iter-linked-list , package , 3095.112182617187500000, core , 1997.461471557617187500, gpu ,  0 , dram ,  394.970397949218750000, VMPEAK ,    8236 , time , 74955 
compiler , espruino , testcase , iter-linked-list , package , 3104.489898681640625000, core , 2004.199386596679687500, gpu ,  0 , dram ,  394.050735473632812500, VMPEAK ,    8236 , time , 75106 
compiler , espruino , testcase , iter-linked-list , package , 3119.119628906250000000, core , 2013.849395751953125000, gpu ,  0 , dram ,  393.478149414062500000, VMPEAK ,    8236 , time , 75403 
compiler , espruino , testcase , iter-linked-list , package , 3099.712783813476562500, core , 2001.947357177734375000, gpu ,  0 , dram ,  387.915664672851562500, VMPEAK ,    8236 , time , 74858 
