Compiler , , Test , , Package (J) , , CPU (J) , , GPU (J) , , DRAM (J) , , VMPEAK (KB) , , Time (ms) , 
 compiler , qjs , testcase , iter-linked-list , package , 112.374954223632812500, core , 68.354141235351562500, gpu ,  0 , dram ,  15.589813232421875000, VMPEAK ,    8236 , time , 3038 
compiler , qjs , testcase , iter-linked-list , package , 108.915283203125000000, core , 70.019775390625000000, gpu ,  0 , dram ,  13.825271606445312500, VMPEAK ,    8236 , time , 2679 
compiler , qjs , testcase , iter-linked-list , package , 108.822036743164062500, core , 69.995574951171875000, gpu ,  0 , dram ,  13.721832275390625000, VMPEAK ,    8236 , time , 2675 
compiler , qjs , testcase , iter-linked-list , package , 115.808410644531250000, core , 74.280883789062500000, gpu ,  0 , dram ,  14.837219238281250000, VMPEAK ,    8236 , time , 2857 
compiler , qjs , testcase , iter-linked-list , package , 110.467636108398437500, core , 71.041168212890625000, gpu ,  0 , dram ,  14.007827758789062500, VMPEAK ,    8236 , time , 2715 
compiler , qjs , testcase , iter-linked-list , package , 110.774581909179687500, core , 71.243743896484375000, gpu ,  0 , dram ,  14.209671020507812500, VMPEAK ,    8236 , time , 2720 
compiler , qjs , testcase , iter-linked-list , package , 111.368545532226562500, core , 71.610153198242187500, gpu ,  0 , dram ,  14.352386474609375000, VMPEAK ,    8236 , time , 2736 
compiler , qjs , testcase , iter-linked-list , package , 110.034408569335937500, core , 70.779953002929687500, gpu ,  0 , dram ,  14.151123046875000000, VMPEAK ,    8236 , time , 2698 
compiler , qjs , testcase , iter-linked-list , package , 110.416656494140625000, core , 71.009368896484375000, gpu ,  0 , dram ,  14.230148315429687500, VMPEAK ,    8236 , time , 2709 
compiler , qjs , testcase , iter-linked-list , package , 115.333129882812500000, core , 74.075988769531250000, gpu ,  0 , dram ,  14.689651489257812500, VMPEAK ,    8236 , time , 2835 
