Compiler , , Test , , Package (J) , , CPU (J) , , GPU (J) , , DRAM (J) , , VMPEAK (KB) , , Time (ms) , 
 compiler , hermes-gengc , testcase , array-every , package , 164.412277221679687500, core , 124.496765136718750000, gpu ,  0 , dram ,  30.716445922851562500, VMPEAK ,    8292 , time , 3513 
compiler , hermes-gengc , testcase , array-every , package , 163.909927368164062500, core , 124.109939575195312500, gpu ,  0 , dram ,  30.654449462890625000, VMPEAK ,    8292 , time , 3500 
compiler , hermes-gengc , testcase , array-every , package , 164.407485961914062500, core , 124.532882690429687500, gpu ,  0 , dram ,  30.610092163085937500, VMPEAK ,    8292 , time , 3505 
compiler , hermes-gengc , testcase , array-every , package , 164.341781616210937500, core , 124.523849487304687500, gpu ,  0 , dram ,  30.681472778320312500, VMPEAK ,    8292 , time , 3500 
compiler , hermes-gengc , testcase , array-every , package , 164.390777587890625000, core , 124.592147827148437500, gpu ,  0 , dram ,  30.547363281250000000, VMPEAK ,    8292 , time , 3498 
compiler , hermes-gengc , testcase , array-every , package , 164.743988037109375000, core , 124.879272460937500000, gpu ,  0 , dram ,  30.609283447265625000, VMPEAK ,    8292 , time , 3504 
compiler , hermes-gengc , testcase , array-every , package , 165.053665161132812500, core , 125.135162353515625000, gpu ,  0 , dram ,  30.778839111328125000, VMPEAK ,    8292 , time , 3509 
compiler , hermes-gengc , testcase , array-every , package , 164.983718872070312500, core , 125.087829589843750000, gpu ,  0 , dram ,  30.637145996093750000, VMPEAK ,    8292 , time , 3507 
compiler , hermes-gengc , testcase , array-every , package , 164.479263305664062500, core , 124.692916870117187500, gpu ,  0 , dram ,  30.680648803710937500, VMPEAK ,    8292 , time , 3497 
compiler , hermes-gengc , testcase , array-every , package , 164.540084838867187500, core , 124.748748779296875000, gpu ,  0 , dram ,  30.547851562500000000, VMPEAK ,    8292 , time , 3499 
