Compiler , , Test , , Package (J) , , CPU (J) , , GPU (J) , , DRAM (J) , , VMPEAK (KB) , , Time (ms) , 
 compiler , js , testcase , array-forloop , package , 5.179092407226562500, core , 3.207183837890625000, gpu ,  0 , dram ,  0.824447631835937500, VMPEAK ,    8236 , time , 136 
compiler , js , testcase , array-forloop , package , 4.756332397460937500, core , 3.016021728515625000, gpu ,  0 , dram ,  0.736770629882812500, VMPEAK ,    8236 , time , 119 
compiler , js , testcase , array-forloop , package , 5.175659179687500000, core , 3.299835205078125000, gpu ,  0 , dram ,  0.807312011718750000, VMPEAK ,    8236 , time , 133 
compiler , js , testcase , array-forloop , package , 5.214141845703125000, core , 3.158538818359375000, gpu ,  0 , dram ,  0.854919433593750000, VMPEAK ,    8236 , time , 142 
compiler , js , testcase , array-forloop , package , 6.005218505859375000, core , 3.631072998046875000, gpu ,  0 , dram ,  0.979217529296875000, VMPEAK ,    8236 , time , 164 
compiler , js , testcase , array-forloop , package , 5.394775390625000000, core , 3.266052246093750000, gpu ,  0 , dram ,  0.872192382812500000, VMPEAK ,    8236 , time , 146 
compiler , js , testcase , array-forloop , package , 5.570724487304687500, core , 3.484710693359375000, gpu ,  0 , dram ,  0.857315063476562500, VMPEAK ,    8236 , time , 144 
compiler , js , testcase , array-forloop , package , 4.902969360351562500, core , 3.105499267578125000, gpu ,  0 , dram ,  0.762222290039062500, VMPEAK ,    8236 , time , 124 
compiler , js , testcase , array-forloop , package , 4.787902832031250000, core , 3.033615112304687500, gpu ,  0 , dram ,  0.742492675781250000, VMPEAK ,    8236 , time , 121 
compiler , js , testcase , array-forloop , package , 4.986160278320312500, core , 3.159149169921875000, gpu ,  0 , dram ,  0.766326904296875000, VMPEAK ,    8236 , time , 127 
